Workbook

Sheet Employee_details
A1: Emp ID | B1: Name | C1: Department | D1: designation | E1: Basic Salary | F1: Per Day Salary
A2: E101 | B2: Ravi | C2: IT | D2: Developer | E2: 30000 | F2: 1000
A3: E102 | B3: Aravind | C3: Mech | D3: Design Engineer | E3: 25000 | F3: 833
A4: E103 | B4: Venu | C4: HR | D4: HR Executive | E4: 28000 | F4: 933
A5: E104 | B5: Chran | C5: Finance | D5: Accountant | E5: 27000 | F5: 900
A6: E105 | B6: Mohan | C6: Testing | D6: QA Engineer | E6: 26000 | F6: 866
A7: E106 | B7: Irfan | C7: Support | D7: Technical | E7: 23000 | F7: 766
A8: E107 | B8: Ram | C8: IT | D8: Developer | E8: 30000 | F8: 1000
A9: E108 | B9: Mahendra | C9: Mech | D9: Design Engineer | E9: 25000 | F9: 833
A10: E109 | B10: Dastagiri | C10: HR | D10: HR Executive | E10: 28000 | F10: 933
A11: E110 | B11: peddana | C11: Finance | D11: Accountant | E11: 27000 | F11: 900
A12: E111 | B12: Hussen | C12: Testing | D12: QA Engineer | E12: 26000 | F12: 866
A13: E112 | B13: Vali | C13: Support | D13: Technical | E13: 23000 | F13: 766
... A31: E130 | B31: Ramesh | C31: Support | D31: Technical | E31: 23000 | F31: 766

Sheet Attendance
A1: Emp ID | B1: Day1 | C1: Day2 | D1: Day3 | E1: Day4 | F1: Day5 | G1: Day6 | H1: Day7 | I1: Day8 | J1: Day9 | K1: Day10 | L1: Day11 | M1: Day12 | N1: Day13 | O1: Day14 | P1: Day15 | Q1: Day16 | R1: Day17 | S1: Day18 | T1: Day19 | U1: Day20 | V1: Day21 | W1: Day22 | X1: Day23 | Y1: Day24 | Z1: Day25 | AA1: Day26 | AB1: Day27 | AC1: Day28 | AD1: Day29 | AE1: Day30
A2: E101 | B2: P | C2: A | D2: P | E2: P | F2: A | G2: P | H2: P | I2: A | J2: P | K2: P | L2: A | M2: P | N2: P | O2: A | P2: P | Q2: P | R2: A | S2: P | T2: P | U2: A | V2: P | W2: P | X2: A | Y2: P | Z2: P | AA2: A | AB2: P | AC2: P | AD2: A | AE2: P
A3: E102 | B3: P | C3: P | D3: P | E3: P | F3: P | G3: P | H3: P | I3: P | J3: P | K3: P | L3: P | M3: P | N3: P | O3: P | P3: P | Q3: P | R3: P | S3: P | T3: P | U3: P | V3: P | W3: P | X3: P | Y3: P | Z3: P | AA3: P | AB3: P | AC3: P | AD3: P | AE3: P
A4: E103 | B4: P | C4: P | D4: P | E4: P | F4: P | G4: P | H4: P | I4: P | J4: P | K4: P | L4: P | M4: P | N4: P | O4: P | P4: P | Q4: P | R4: P | S4: P | T4: P | U4: P | V4: P | W4: P | X4: P | Y4: P | Z4: P | AA4: P | AB4: P | AC4: P | AD4: P | AE4: P
A5: E104 | B5: P | C5: A | D5: P | E5: P | F5: A | G5: P | H5: P | I5: A | J5: P | K5: P | L5: A | M5: P | N5: P | O5: A | P5: P | Q5: P | R5: A | S5: P | T5: P | U5: A | V5: P | W5: P | X5: A | Y5: P | Z5: P | AA5: A | AB5: P | AC5: P | AD5: A | AE5: P
A6: E105 | B6: P | C6: P | D6: P | E6: P | F6: P | G6: P | H6: P | I6: P | J6: P | K6: P | L6: P | M6: P | N6: P | O6: P | P6: P | Q6: P | R6: P | S6: P | T6: P | U6: P | V6: P | W6: P | X6: P | Y6: P | Z6: P | AA6: P | AB6: P | AC6: P | AD6: P | AE6: P
A7: E106 | B7: P | C7: P | D7: P | E7: P | F7: P | G7: P | H7: P | I7: P | J7: P | K7: P | L7: P | M7: P | N7: P | O7: P | P7: P | Q7: P | R7: P | S7: P | T7: P | U7: P | V7: P | W7: P | X7: P | Y7: P | Z7: P | AA7: P | AB7: P | AC7: P | AD7: P | AE7: P
A8: E107 | B8: P | C8: P | D8: P | E8: P | F8: P | G8: P | H8: P | I8: P | J8: P | K8: P | L8: P | M8: P | N8: P | O8: P | P8: P | Q8: P | R8: P | S8: P | T8: P | U8: P | V8: P | W8: P | X8: P | Y8: P | Z8: P | AA8: P | AB8: P | AC8: P | AD8: P | AE8: P
A9: E108 | B9: P | C9: P | D9: P | E9: P | F9: P | G9: A | H9: P | I9: P | J9: A | K9: P | L9: P | M9: P | N9: P | O9: P | P9: A | Q9: P | R9: P | S9: A | T9: P | U9: P | V9: A | W9: P | X9: P | Y9: A | Z9: P | AA9: P | AB9: A | AC9: P | AD9: P | AE9: A
A10: E109 | B10: P | C10: P | D10: P | E10: P | F10: P | G10: P | H10: P | I10: P | J10: P | K10: P | L10: P | M10: P | N10: P | O10: P | P10: P | Q10: P | R10: P | S10: P | T10: P | U10: P | V10: P | W10: P | X10: P | Y10: P | Z10: P | AA10: P | AB10: P | AC10: P | AD10: P | AE10: P
A11: E110 | B11: P | C11: A | D11: P | E11: P | F11: A | G11: P | H11: P | I11: A | J11: P | K11: P | L11: A | M11: P | N11: P | O11: A | P11: P | Q11: P | R11: A | S11: P | T11: P | U11: A | V11: P | W11: P | X11: A | Y11: P | Z11: P | AA11: A | AB11: P | AC11: P | AD11: A | AE11: P
A12: E111 | B12: P | C12: P | D12: P | E12: P | F12: P | G12: P | H12: P | I12: P | J12: P | K12: P | L12: P | M12: P | N12: P | O12: P | P12: P | Q12: P | R12: P | S12: P | T12: P | U12: P | V12: P | W12: P | X12: P | Y12: P | Z12: P | AA12: P | AB12: P | AC12: P | AD12: P | AE12: P
... A31: E130 | B31: P | C31: P | D31: P | E31: P | F31: P | G31: P | H31: P | I31: P | J31: P | K31: P | L31: P | M31: P | N31: P | O31: P | P31: P | Q31: P | R31: P | S31: P | T31: P | U31: P | V31: P | W31: P | X31: P | Y31: P | Z31: P | AA31: P | AB31: P | AC31: P | AD31: P | AE31: P

Sheet Salary_calculation
A1: Emp ID | B1: Name | C1: Present Days | D1: Absent Days | E1: Per Day Salary | F1: Gross Salary | G1: Deductions | H1: Net Salary
A2: =Employee_details!A2 -> E101 | B2: Ravi | C2: =COUNTIF(Attendance!B2:AE2,"P") -> 20 | D2: =COUNTIF(Attendance!B2:AE2,"A") -> 10 | E2: =VLOOKUP(A2,Employee_details!A:F,6,FALSE) -> 1000 | F2: =C2*E2 -> 20000 | G2: =D2*E2 -> 10000 | H2: =H3-G2 -> 14990
A3: =Employee_details!A3 -> E102 | B3: Aravind | C3: =COUNTIF(Attendance!B3:AE3,"P") -> 30 | D3: =COUNTIF(Attendance!B3:AE3,"A") -> 0 | E3: =VLOOKUP(A3,Employee_details!A:F,6,FALSE) -> 833 | F3: =C3*E3 -> 24990 | G3: =D3*E3 -> 0 | H3: =F3-G3 -> 24990
A4: =Employee_details!A4 -> E103 | B4: Venu | C4: =COUNTIF(Attendance!B4:AE4,"P") -> 30 | D4: =COUNTIF(Attendance!B4:AE4,"A") -> 0 | E4: =VLOOKUP(A4,Employee_details!A:F,6,FALSE) -> 933 | F4: =C4*E4 -> 27990 | G4: =D4*E4 -> 0 | H4: =F4-G4 -> 27990
A5: =Employee_details!A5 -> E104 | B5: Chran | C5: =COUNTIF(Attendance!B5:AE5,"P") -> 20 | D5: =COUNTIF(Attendance!B5:AE5,"A") -> 10 | E5: =VLOOKUP(A5,Employee_details!A:F,6,FALSE) -> 900 | F5: =C5*E5 -> 18000 | G5: =D5*E5 -> 9000 | H5: =F5-G5 -> 9000
A6: =Employee_details!A6 -> E105 | B6: Mohan | C6: =COUNTIF(Attendance!B6:AE6,"P") -> 30 | D6: =COUNTIF(Attendance!B6:AE6,"A") -> 0 | E6: =VLOOKUP(A6,Employee_details!A:F,6,FALSE) -> 866 | F6: =C6*E6 -> 25980 | G6: =D6*E6 -> 0 | H6: =F6-G6 -> 25980
A7: =Employee_details!A7 -> E106 | B7: Irfan | C7: =COUNTIF(Attendance!B7:AE7,"P") -> 30 | D7: =COUNTIF(Attendance!B7:AE7,"A") -> 0 | E7: =VLOOKUP(A7,Employee_details!A:F,6,FALSE) -> 766 | F7: =C7*E7 -> 22980 | G7: =D7*E7 -> 0 | H7: =F7-G7 -> 22980
A8: =Employee_details!A8 -> E107 | B8: Ram | C8: =COUNTIF(Attendance!B8:AE8,"P") -> 30 | D8: =COUNTIF(Attendance!B8:AE8,"A") -> 0 | E8: =VLOOKUP(A8,Employee_details!A:F,6,FALSE) -> 1000 | F8: =C8*E8 -> 30000 | G8: =D8*E8 -> 0 | H8: =F8-G8 -> 30000
A9: =Employee_details!A9 -> E108 | B9: Mahendra | C9: =COUNTIF(Attendance!B9:AE9,"P") -> 22 | D9: =COUNTIF(Attendance!B9:AE9,"A") -> 8 | E9: =VLOOKUP(A9,Employee_details!A:F,6,FALSE) -> 833 | F9: =C9*E9 -> 18326 | G9: =D9*E9 -> 6664 | H9: =F9-G9 -> 11662
A10: =Employee_details!A10 -> E109 | B10: Dastagiri | C10: =COUNTIF(Attendance!B10:AE10,"P") -> 30 | D10: =COUNTIF(Attendance!B10:AE10,"A") -> 0 | E10: =VLOOKUP(A10,Employee_details!A:F,6,FALSE) -> 933 | F10: =C10*E10 -> 27990 | G10: =D10*E10 -> 0 | H10: =F10-G10 -> 27990
A11: =Employee_details!A11 -> E110 | B11: peddana | C11: =COUNTIF(Attendance!B11:AE11,"P") -> 20 | D11: =COUNTIF(Attendance!B11:AE11,"A") -> 10 | E11: =VLOOKUP(A11,Employee_details!A:F,6,FALSE) -> 900 | F11: =C11*E11 -> 18000 | G11: =D11*E11 -> 9000 | H11: =F11-G11 -> 9000
A12: =Employee_details!A12 -> E111 | B12: Hussen | C12: =COUNTIF(Attendance!B12:AE12,"P") -> 30 | D12: =COUNTIF(Attendance!B12:AE12,"A") -> 0 | E12: =VLOOKUP(A12,Employee_details!A:F,6,FALSE) -> 866 | F12: =C12*E12 -> 25980 | G12: =D12*E12 -> 0 | H12: =F12-G12 -> 25980
A13: =Employee_details!A13 -> E112 | B13: Vali | C13: =COUNTIF(Attendance!B13:AE13,"P") -> 30 | D13: =COUNTIF(Attendance!B13:AE13,"A") -> 0 | E13: =VLOOKUP(A13,Employee_details!A:F,6,FALSE) -> 766 | F13: =C13*E13 -> 22980 | G13: =D13*E13 -> 0 | H13: =F13-G13 -> 22980
A14: =Employee_details!A14 -> E113 | B14: Teja | C14: =COUNTIF(Attendance!B14:AE14,"P") -> 20 | D14: =COUNTIF(Attendance!B14:AE14,"A") -> 10 | E14: =VLOOKUP(A14,Employee_details!A:F,6,FALSE) -> 1000 | F14: =C14*E14 -> 20000 | G14: =D14*E14 -> 10000 | H14: =F14-G14 -> 10000
... A31: =Employee_details!A31 -> E130 | B31: Ramesh | C31: =COUNTIF(Attendance!B31:AE31,"P") -> 30 | D31: =COUNTIF(Attendance!B31:AE31,"A") -> 0 | E31: =VLOOKUP(A31,Employee_details!A:F,6,FALSE) -> 766 | F31: =C31*E31 -> 22980 | G31: =D31*E31 -> 0 | H31: =F31-G31 -> 22980
